{
  "@odata.context": "$metadata#bakery_sales.prediction_metrics",
  "value": [{
    "LOCATION_NUM": 148,
    "ITEM_NUM": "1006710",
    "CALENDAR_DATE": "2018-01-12T08:00:00Z",
    "DESCRIPTION": "FRZ DANISH SNAILS 64CT",
    "UNIT_SALES": 2.0,
    "SALES_FORECAST": 3.7632596,
    "MAPE": 88.16298246383667,
    "WEEKLY_MAPE": 38.60874027013778,
    "LOWER_30P": 1.4,
    "UPPER_30P": 2.6,
    "WITHIN_RANGE": 0
  }, {
    "LOCATION_NUM": 148,
    "ITEM_NUM": "1064196",
    "CALENDAR_DATE": "2018-01-12T08:00:00Z",
    "DESCRIPTION": "CROISSANT CLAMSHELL 75CT",
    "UNIT_SALES": 5.0,
    "SALES_FORECAST": 5.3577213,
    "MAPE": 7.154426574707032,
    "WEEKLY_MAPE": 42.379618982474,
    "LOWER_30P": 3.5,
    "UPPER_30P": 6.5,
    "WITHIN_RANGE": 1
  }, {
    "LOCATION_NUM": 148,
    "ITEM_NUM": "1175561",
    "CALENDAR_DATE": "2018-01-12T08:00:00Z",
    "DESCRIPTION": "MUFFIN CLAMSHELL",
    "UNIT_SALES": 2.0,
    "SALES_FORECAST": 4.639248,
    "MAPE": 131.9623947143555,
    "WEEKLY_MAPE": 44.37967061996461,
    "LOWER_30P": 1.4,
    "UPPER_30P": 2.6,
    "WITHIN_RANGE": 0
  }, {
    "LOCATION_NUM": 148,
    "ITEM_NUM": "14368",
    "CALENDAR_DATE": "2018-01-12T08:00:00Z",
    "DESCRIPTION": "COUNTRY FRENCH 2 PACK",
    "UNIT_SALES": 14.0,
    "SALES_FORECAST": 12.428884,
    "MAPE": 11.222260338919504,
    "WEEKLY_MAPE": 23.44827744351837,
    "LOWER_30P": 9.8,
    "UPPER_30P": 18.2,
    "WITHIN_RANGE": 1
  }, {
    "LOCATION_NUM": 148,
    "ITEM_NUM": "14510",
    "CALENDAR_DATE": "2018-01-12T08:00:00Z",
    "DESCRIPTION": "MIX & MATCH DANISH 2-4PK",
    "UNIT_SALES": 21.0,
    "SALES_FORECAST": 19.25917,
    "MAPE": 8.289664132254464,
    "WEEKLY_MAPE": 52.770625319906024,
    "LOWER_30P": 14.7,
    "UPPER_30P": 27.3,
    "WITHIN_RANGE": 1
  }, {
    "LOCATION_NUM": 148,
    "ITEM_NUM": "18610",
    "CALENDAR_DATE": "2018-01-12T08:00:00Z",
    "DESCRIPTION": "TORTA SANDWICH ROLL 12/CT",
    "UNIT_SALES": 22.0,
    "SALES_FORECAST": 23.916191,
    "MAPE": 8.709959550337357,
    "WEEKLY_MAPE": 35.36662888787047,
    "LOWER_30P": 15.4,
    "UPPER_30P": 28.6,
    "WITHIN_RANGE": 1
  }, {
    "LOCATION_NUM": 148,
    "ITEM_NUM": "18763",
    "CALENDAR_DATE": "2018-01-12T08:00:00Z",
    "DESCRIPTION": "FRZ CHOC CHNK 336CT",
    "UNIT_SALES": 3.0000000000000004,
    "SALES_FORECAST": 4.8522444,
    "MAPE": 61.74147923787433,
    "WEEKLY_MAPE": 168.81436308224994,
    "LOWER_30P": 2.1,
    "UPPER_30P": 3.900000000000001,
    "WITHIN_RANGE": 0
  }, {
    "LOCATION_NUM": 148,
    "ITEM_NUM": "20111",
    "CALENDAR_DATE": "2018-01-12T08:00:00Z",
    "DESCRIPTION": "LATTICE APPLE PIE",
    "UNIT_SALES": 1.0,
    "SALES_FORECAST": 7.153780499999999,
    "MAPE": 615.3780460357666,
    "WEEKLY_MAPE": 140.53611834843954,
    "LOWER_30P": 0.7,
    "UPPER_30P": 1.3,
    "WITHIN_RANGE": 0
  }, {
    "LOCATION_NUM": 148,
    "ITEM_NUM": "21205",
    "CALENDAR_DATE": "2018-01-12T08:00:00Z",
    "DESCRIPTION": "FRZ OATMEAL RAISIN 252CT",
    "UNIT_SALES": 2.0,
    "SALES_FORECAST": 2.6385646,
    "MAPE": 31.92822933197021,
    "WEEKLY_MAPE": 29.31237816810608,
    "LOWER_30P": 1.4,
    "UPPER_30P": 2.6,
    "WITHIN_RANGE": 0
  }, {
    "LOCATION_NUM": 148,
    "ITEM_NUM": "22662",
    "CALENDAR_DATE": "2018-01-12T08:00:00Z",
    "DESCRIPTION": "MULTIGRAIN 2 PACK",
    "UNIT_SALES": 9.0,
    "SALES_FORECAST": 13.854226,
    "MAPE": 53.93584569295248,
    "WEEKLY_MAPE": 40.42304827107324,
    "LOWER_30P": 6.3,
    "UPPER_30P": 11.7,
    "WITHIN_RANGE": 0
  }, {
    "LOCATION_NUM": 148,
    "ITEM_NUM": "232757",
    "CALENDAR_DATE": "2018-01-12T08:00:00Z",
    "DESCRIPTION": "FRZ APPLE STRUDEL 80CT",
    "UNIT_SALES": 2.0,
    "SALES_FORECAST": 3.382165,
    "MAPE": 69.10824775695801,
    "WEEKLY_MAPE": 44.48189338048299,
    "LOWER_30P": 1.4,
    "UPPER_30P": 2.6,
    "WITHIN_RANGE": 0
  }, {
    "LOCATION_NUM": 148,
    "ITEM_NUM": "24311",
    "CALENDAR_DATE": "2018-01-12T08:00:00Z",
    "DESCRIPTION": "2- 6PK MIX & MATCH MUFFIN",
    "UNIT_SALES": 68.0,
    "SALES_FORECAST": 94.04313,
    "MAPE": 38.29871906953699,
    "WEEKLY_MAPE": 25.388352039196988,
    "LOWER_30P": 47.6,
    "UPPER_30P": 88.4,
    "WITHIN_RANGE": 0
  }, {
    "LOCATION_NUM": 148,
    "ITEM_NUM": "31865",
    "CALENDAR_DATE": "2018-01-12T08:00:00Z",
    "DESCRIPTION": "BAGELS 12 COUNT",
    "UNIT_SALES": 160.0,
    "SALES_FORECAST": 168.0354,
    "MAPE": 5.022125244140625,
    "WEEKLY_MAPE": 15.200448433766393,
    "LOWER_30P": 112.0,
    "UPPER_30P": 208.0,
    "WITHIN_RANGE": 1
  }, {
    "LOCATION_NUM": 148,
    "ITEM_NUM": "329010",
    "CALENDAR_DATE": "2018-01-12T08:00:00Z",
    "DESCRIPTION": "HINGED COOKIE CONTAINER",
    "UNIT_SALES": 1.0,
    "SALES_FORECAST": 2.3909247,
    "MAPE": 139.0924692153931,
    "WEEKLY_MAPE": 139.0924692153931,
    "LOWER_30P": 0.7,
    "UPPER_30P": 1.3,
    "WITHIN_RANGE": 0
  }, {
    "LOCATION_NUM": 148,
    "ITEM_NUM": "33336",
    "CALENDAR_DATE": "2018-01-12T08:00:00Z",
    "DESCRIPTION": "BUTTER CROISSANTS",
    "UNIT_SALES": 237.0,
    "SALES_FORECAST": 264.5297,
    "MAPE": 11.615904474057224,
    "WEEKLY_MAPE": 13.344547557775945,
    "LOWER_30P": 165.89999999999995,
    "UPPER_30P": 308.1,
    "WITHIN_RANGE": 1
  }, {
    "LOCATION_NUM": 148,
    "ITEM_NUM": "35757",
    "CALENDAR_DATE": "2018-01-12T08:00:00Z",
    "DESCRIPTION": "CRANBERRY ORANGE BISCONIE",
    "UNIT_SALES": 10.0,
    "SALES_FORECAST": 10.002014,
    "MAPE": 0.0201416015625,
    "WEEKLY_MAPE": 84.21411937392061,
    "LOWER_30P": 7.0,
    "UPPER_30P": 13.0,
    "WITHIN_RANGE": 1
  }, {
    "LOCATION_NUM": 148,
    "ITEM_NUM": "37020",
    "CALENDAR_DATE": "2018-01-12T08:00:00Z",
    "DESCRIPTION": "OATMEAL RAISIN COOKIE",
    "UNIT_SALES": 2.0,
    "SALES_FORECAST": 2.3909247,
    "MAPE": 19.54623460769653,
    "WEEKLY_MAPE": 19.54623460769653,
    "LOWER_30P": 1.4,
    "UPPER_30P": 2.6,
    "WITHIN_RANGE": 1
  }, {
    "LOCATION_NUM": 148,
    "ITEM_NUM": "37220",
    "CALENDAR_DATE": "2018-01-12T08:00:00Z",
    "DESCRIPTION": "GOURMET CHOCOLATE CHUNK",
    "UNIT_SALES": 31.0,
    "SALES_FORECAST": 40.320625,
    "MAPE": 30.06653324250252,
    "WEEKLY_MAPE": 28.930104640888853,
    "LOWER_30P": 21.7,
    "UPPER_30P": 40.3,
    "WITHIN_RANGE": 0
  }, {
    "LOCATION_NUM": 148,
    "ITEM_NUM": "37463",
    "CALENDAR_DATE": "2018-01-12T08:00:00Z",
    "DESCRIPTION": "CARAMEL FLAN",
    "UNIT_SALES": 13.0,
    "SALES_FORECAST": 11.005344,
    "MAPE": 15.343504685621994,
    "WEEKLY_MAPE": 29.761824324959306,
    "LOWER_30P": 9.1,
    "UPPER_30P": 16.900000000000002,
    "WITHIN_RANGE": 1
  }, {
    "LOCATION_NUM": 148,
    "ITEM_NUM": "37839",
    "CALENDAR_DATE": "2018-01-12T08:00:00Z",
    "DESCRIPTION": "CHEESECAKE",
    "UNIT_SALES": 12.0,
    "SALES_FORECAST": 9.573651,
    "MAPE": 20.219572385152183,
    "WEEKLY_MAPE": 29.193618732300237,
    "LOWER_30P": 8.399999999999999,
    "UPPER_30P": 15.6,
    "WITHIN_RANGE": 1
  }, {
    "LOCATION_NUM": 148,
    "ITEM_NUM": "38294",
    "CALENDAR_DATE": "2018-01-12T08:00:00Z",
    "DESCRIPTION": "FRZ PLAIN BAGEL 150 CT",
    "UNIT_SALES": 12.000000000000002,
    "SALES_FORECAST": 13.165821,
    "MAPE": 9.715175628662092,
    "WEEKLY_MAPE": 38.71187692160135,
    "LOWER_30P": 8.4,
    "UPPER_30P": 15.600000000000005,
    "WITHIN_RANGE": 1
  }, {
    "LOCATION_NUM": 148,
    "ITEM_NUM": "38521",
    "CALENDAR_DATE": "2018-01-12T08:00:00Z",
    "DESCRIPTION": "BRAIDED APPLE STRUDEL",
    "UNIT_SALES": 13.0,
    "SALES_FORECAST": 19.153936,
    "MAPE": 47.337972200833825,
    "WEEKLY_MAPE": 34.94708667215996,
    "LOWER_30P": 9.1,
    "UPPER_30P": 16.900000000000002,
    "WITHIN_RANGE": 0
  }, {
    "LOCATION_NUM": 148,
    "ITEM_NUM": "38646",
    "CALENDAR_DATE": "2018-01-12T08:00:00Z",
    "DESCRIPTION": "FRZ CINN RAISIN 150 CT",
    "UNIT_SALES": 3.0000000000000004,
    "SALES_FORECAST": 2.9640527000000003,
    "MAPE": 1.1982440948486477,
    "WEEKLY_MAPE": 16.68186585108439,
    "LOWER_30P": 2.1,
    "UPPER_30P": 3.900000000000001,
    "WITHIN_RANGE": 1
  }, {
    "LOCATION_NUM": 148,
    "ITEM_NUM": "39591",
    "CALENDAR_DATE": "2018-01-12T08:00:00Z",
    "DESCRIPTION": "SPECIAL ORDER WHITE CAKE",
    "UNIT_SALES": 2.0,
    "SALES_FORECAST": 2.979954,
    "MAPE": 48.99770021438599,
    "WEEKLY_MAPE": 48.99770021438599,
    "LOWER_30P": 1.4,
    "UPPER_30P": 2.6,
    "WITHIN_RANGE": 0
  }, {
    "LOCATION_NUM": 148,
    "ITEM_NUM": "40706",
    "CALENDAR_DATE": "2018-01-12T08:00:00Z",
    "DESCRIPTION": "TUXEDO CHOCOLATE MOUSSE",
    "UNIT_SALES": 13.0,
    "SALES_FORECAST": 5.515382,
    "MAPE": 57.5739860534668,
    "WEEKLY_MAPE": 57.20202006990948,
    "LOWER_30P": 9.1,
    "UPPER_30P": 16.900000000000002,
    "WITHIN_RANGE": 0
  }, {
    "LOCATION_NUM": 148,
    "ITEM_NUM": "45563",
    "CALENDAR_DATE": "2018-01-12T08:00:00Z",
    "DESCRIPTION": "CREAM CHEESE 30#",
    "UNIT_SALES": 1.0,
    "SALES_FORECAST": 4.7594676,
    "MAPE": 375.9467601776123,
    "WEEKLY_MAPE": 190.1915381352106,
    "LOWER_30P": 0.7,
    "UPPER_30P": 1.3,
    "WITHIN_RANGE": 0
  }, {
    "LOCATION_NUM": 148,
    "ITEM_NUM": "45567",
    "CALENDAR_DATE": "2018-01-12T08:00:00Z",
    "DESCRIPTION": "WHOLE LIQUID EGGS 2/17.5#",
    "UNIT_SALES": 4.0,
    "SALES_FORECAST": 4.5393690000000015,
    "MAPE": 13.484227657318115,
    "WEEKLY_MAPE": 54.008767922719315,
    "LOWER_30P": 2.8,
    "UPPER_30P": 5.2,
    "WITHIN_RANGE": 1
  }, {
    "LOCATION_NUM": 148,
    "ITEM_NUM": "45694",
    "CALENDAR_DATE": "2018-01-12T08:00:00Z",
    "DESCRIPTION": "KIRKLAND SIGNATURE",
    "UNIT_SALES": 52.0,
    "SALES_FORECAST": 59.742294,
    "MAPE": 14.889027522160456,
    "WEEKLY_MAPE": 13.518383076454567,
    "LOWER_30P": 36.4,
    "UPPER_30P": 67.60000000000001,
    "WITHIN_RANGE": 1
  }, {
    "LOCATION_NUM": 148,
    "ITEM_NUM": "45811",
    "CALENDAR_DATE": "2018-01-12T08:00:00Z",
    "DESCRIPTION": "PAN LINERS1000/CASE",
    "UNIT_SALES": 1.0,
    "SALES_FORECAST": 2.5359998,
    "MAPE": 153.59997749328613,
    "WEEKLY_MAPE": 124.07881418863931,
    "LOWER_30P": 0.7,
    "UPPER_30P": 1.3,
    "WITHIN_RANGE": 0
  }, {
    "LOCATION_NUM": 148,
    "ITEM_NUM": "46973",
    "CALENDAR_DATE": "2018-01-12T08:00:00Z",
    "DESCRIPTION": "CRANBERRY WALNUT ROUND",
    "UNIT_SALES": 13.0,
    "SALES_FORECAST": 8.162945,
    "MAPE": 37.208116971529456,
    "WEEKLY_MAPE": 33.780502252963004,
    "LOWER_30P": 9.1,
    "UPPER_30P": 16.900000000000002,
    "WITHIN_RANGE": 0
  }, {
    "LOCATION_NUM": 148,
    "ITEM_NUM": "51227",
    "CALENDAR_DATE": "2018-01-12T08:00:00Z",
    "DESCRIPTION": "FRZ IQF BLUEBERRIES 30#",
    "UNIT_SALES": 1.0,
    "SALES_FORECAST": 2.6206985,
    "MAPE": 162.06984519958496,
    "WEEKLY_MAPE": 106.90284967422484,
    "LOWER_30P": 0.7,
    "UPPER_30P": 1.3,
    "WITHIN_RANGE": 0
  }, {
    "LOCATION_NUM": 148,
    "ITEM_NUM": "52507",
    "CALENDAR_DATE": "2018-01-12T08:00:00Z",
    "DESCRIPTION": "WHITE CAKE W/ 2 LBS",
    "UNIT_SALES": 5.0,
    "SALES_FORECAST": 4.395546,
    "MAPE": 12.089080810546875,
    "WEEKLY_MAPE": 38.95554701487224,
    "LOWER_30P": 3.5,
    "UPPER_30P": 6.5,
    "WITHIN_RANGE": 1
  }, {
    "LOCATION_NUM": 148,
    "ITEM_NUM": "52513",
    "CALENDAR_DATE": "2018-01-12T08:00:00Z",
    "DESCRIPTION": "CHOCOLATE CAKE FILLED W/",
    "UNIT_SALES": 3.0,
    "SALES_FORECAST": 5.1077943,
    "MAPE": 70.25980949401854,
    "WEEKLY_MAPE": 74.87477111816406,
    "LOWER_30P": 2.1,
    "UPPER_30P": 3.9,
    "WITHIN_RANGE": 0
  }, {
    "LOCATION_NUM": 148,
    "ITEM_NUM": "537952",
    "CALENDAR_DATE": "2018-01-12T08:00:00Z",
    "DESCRIPTION": "CHOCOLATE CHUNKS 25#",
    "UNIT_SALES": 1.0,
    "SALES_FORECAST": 2.3909247,
    "MAPE": 139.0924692153931,
    "WEEKLY_MAPE": 139.0924692153931,
    "LOWER_30P": 0.7,
    "UPPER_30P": 1.3,
    "WITHIN_RANGE": 0
  }, {
    "LOCATION_NUM": 148,
    "ITEM_NUM": "64949",
    "CALENDAR_DATE": "2018-01-12T08:00:00Z",
    "DESCRIPTION": "DINNER ROLLS 36 COUNT",
    "UNIT_SALES": 44.0,
    "SALES_FORECAST": 46.855087,
    "MAPE": 6.488834727894176,
    "WEEKLY_MAPE": 9.663565366916236,
    "LOWER_30P": 30.8,
    "UPPER_30P": 57.2,
    "WITHIN_RANGE": 1
  }, {
    "LOCATION_NUM": 148,
    "ITEM_NUM": "668672",
    "CALENDAR_DATE": "2018-01-12T08:00:00Z",
    "DESCRIPTION": "KING MIDAS SPECIAL FLOUR",
    "UNIT_SALES": 1.0,
    "SALES_FORECAST": 2.3909247,
    "MAPE": 139.0924692153931,
    "WEEKLY_MAPE": 139.0924692153931,
    "LOWER_30P": 0.7,
    "UPPER_30P": 1.3,
    "WITHIN_RANGE": 0
  }, {
    "LOCATION_NUM": 148,
    "ITEM_NUM": "78565",
    "CALENDAR_DATE": "2018-01-12T08:00:00Z",
    "DESCRIPTION": "BUTTER POUND CAKE",
    "UNIT_SALES": 43.0,
    "SALES_FORECAST": 38.113205,
    "MAPE": 11.364639637082126,
    "WEEKLY_MAPE": 18.309682335452226,
    "LOWER_30P": 30.1,
    "UPPER_30P": 55.9,
    "WITHIN_RANGE": 1
  }, {
    "LOCATION_NUM": 148,
    "ITEM_NUM": "839736",
    "CALENDAR_DATE": "2018-01-12T08:00:00Z",
    "DESCRIPTION": "FRZ KS BAGUETTE 22CT",
    "UNIT_SALES": 6.000000000000001,
    "SALES_FORECAST": 6.617266000000001,
    "MAPE": 10.287769635518377,
    "WEEKLY_MAPE": 44.55406516790389,
    "LOWER_30P": 4.2,
    "UPPER_30P": 7.800000000000002,
    "WITHIN_RANGE": 1
  }, {
    "LOCATION_NUM": 148,
    "ITEM_NUM": "917782",
    "CALENDAR_DATE": "2018-01-12T08:00:00Z",
    "DESCRIPTION": "FROZEN CROISSANT DOUGH",
    "UNIT_SALES": 36.0,
    "SALES_FORECAST": 34.47926,
    "MAPE": 4.224279191758898,
    "WEEKLY_MAPE": 381.9046432463443,
    "LOWER_30P": 25.2,
    "UPPER_30P": 46.8,
    "WITHIN_RANGE": 1
  }, {
    "LOCATION_NUM": 148,
    "ITEM_NUM": "96958",
    "CALENDAR_DATE": "2018-01-12T08:00:00Z",
    "DESCRIPTION": "CREAM CAKE BASE50#",
    "UNIT_SALES": 7.000000000000001,
    "SALES_FORECAST": 6.9115850000000005,
    "MAPE": 1.2630735124860617,
    "WEEKLY_MAPE": 34.37379683767047,
    "LOWER_30P": 4.9,
    "UPPER_30P": 9.1,
    "WITHIN_RANGE": 1
  }, {
    "LOCATION_NUM": 148,
    "ITEM_NUM": "970582",
    "CALENDAR_DATE": "2018-01-12T08:00:00Z",
    "DESCRIPTION": "FRZ TORTA ROLL 96CT",
    "UNIT_SALES": 4.0,
    "SALES_FORECAST": 4.7017775,
    "MAPE": 17.54443645477295,
    "WEEKLY_MAPE": 27.781498432159424,
    "LOWER_30P": 2.8,
    "UPPER_30P": 5.2,
    "WITHIN_RANGE": 1
  }],
  "@odata.nextLink": "https://odata-v4.cfapps.sap.hana.ondemand.com/java/odata/v4/bakery_sales/prediction_metrics?$filter=(CALENDAR_DATE%20eq%202018-01-12T08:00:00.000Z)&$skiptoken=1000"
}