{
  "@odata.context": "$metadata#bakery_sales.item_list",
  "value": [{
    "LOCATION_NUM": 148,
    "ITEM_NUM": "1006710"
  }, {
    "LOCATION_NUM": 148,
    "ITEM_NUM": "1064196"
  }, {
    "LOCATION_NUM": 148,
    "ITEM_NUM": "14510"
  }, {
    "LOCATION_NUM": 148,
    "ITEM_NUM": "18610"
  }, {
    "LOCATION_NUM": 148,
    "ITEM_NUM": "18763"
  }, {
    "LOCATION_NUM": 148,
    "ITEM_NUM": "18764"
  }, {
    "LOCATION_NUM": 148,
    "ITEM_NUM": "232757"
  }, {
    "LOCATION_NUM": 148,
    "ITEM_NUM": "233909"
  }, {
    "LOCATION_NUM": 148,
    "ITEM_NUM": "37463"
  }, {
    "LOCATION_NUM": 148,
    "ITEM_NUM": "37839"
  }, {
    "LOCATION_NUM": 148,
    "ITEM_NUM": "38294"
  }, {
    "LOCATION_NUM": 148,
    "ITEM_NUM": "38521"
  }, {
    "LOCATION_NUM": 148,
    "ITEM_NUM": "40706"
  }, {
    "LOCATION_NUM": 148,
    "ITEM_NUM": "45465"
  }, {
    "LOCATION_NUM": 148,
    "ITEM_NUM": "45563"
  }, {
    "LOCATION_NUM": 148,
    "ITEM_NUM": "45567"
  }, {
    "LOCATION_NUM": 148,
    "ITEM_NUM": "45694"
  }, {
    "LOCATION_NUM": 148,
    "ITEM_NUM": "52507"
  }, {
    "LOCATION_NUM": 148,
    "ITEM_NUM": "52513"
  }, {
    "LOCATION_NUM": 148,
    "ITEM_NUM": "78565"
  }, {
    "LOCATION_NUM": 148,
    "ITEM_NUM": "827542"
  }, {
    "LOCATION_NUM": 148,
    "ITEM_NUM": "839736"
  }, {
    "LOCATION_NUM": 148,
    "ITEM_NUM": "96958"
  }, {
    "LOCATION_NUM": 148,
    "ITEM_NUM": "970582"
  }],
  "@odata.nextLink": "https://odata-v4.cfapps.sap.hana.ondemand.com/java/odata/v4/bakery_sales/item_list?$skiptoken=1000"
}