[{
  "@odata.context": "$metadata#bakery_sales.sales",
  "value": [{
    "LOCATION_NUM": 148,
    "ITEM_NUM": "36996",
    "CALENDAR_DATE": "2017-12-01T00:00:00Z",
    "DESCRIPTION": "ROASTED GARLIC PARMESAN",
    "UNIT_SALES": 6.0,
    "REVENUE": 41.940000000000005,
    "AVG_PRICE": 6.990000000000001
  }, {
    "LOCATION_NUM": 148,
    "ITEM_NUM": "36996",
    "CALENDAR_DATE": "2017-12-02T00:00:00Z",
    "DESCRIPTION": "ROASTED GARLIC PARMESAN",
    "UNIT_SALES": 3.0,
    "REVENUE": 20.97,
    "AVG_PRICE": 6.989999999999999
  }, {
    "LOCATION_NUM": 148,
    "ITEM_NUM": "36996",
    "CALENDAR_DATE": "2017-12-03T00:00:00Z",
    "DESCRIPTION": "ROASTED GARLIC PARMESAN",
    "UNIT_SALES": 5.0,
    "REVENUE": 34.95,
    "AVG_PRICE": 6.99
  }, {
    "LOCATION_NUM": 148,
    "ITEM_NUM": "36996",
    "CALENDAR_DATE": "2018-01-23T00:00:00Z",
    "DESCRIPTION": "ROASTED GARLIC PARMESAN",
    "UNIT_SALES": 6.0,
    "REVENUE": 41.940000000000005,
    "AVG_PRICE": 6.990000000000001
  }, {
    "LOCATION_NUM": 148,
    "ITEM_NUM": "36996",
    "CALENDAR_DATE": "2018-01-24T00:00:00Z",
    "DESCRIPTION": "ROASTED GARLIC PARMESAN",
    "UNIT_SALES": 6.0,
    "REVENUE": 41.940000000000005,
    "AVG_PRICE": 6.990000000000001
  }, {
    "LOCATION_NUM": 148,
    "ITEM_NUM": "36996",
    "CALENDAR_DATE": "2018-01-25T00:00:00Z",
    "DESCRIPTION": "ROASTED GARLIC PARMESAN",
    "UNIT_SALES": 8.0,
    "REVENUE": 55.92000000000001,
    "AVG_PRICE": 6.990000000000001
  }, {
    "LOCATION_NUM": 148,
    "ITEM_NUM": "36996",
    "CALENDAR_DATE": "2018-01-26T00:00:00Z",
    "DESCRIPTION": "ROASTED GARLIC PARMESAN",
    "UNIT_SALES": 5.0,
    "REVENUE": 34.95,
    "AVG_PRICE": 6.99
  }, {
    "LOCATION_NUM": 148,
    "ITEM_NUM": "36996",
    "CALENDAR_DATE": "2018-01-27T00:00:00Z",
    "DESCRIPTION": "ROASTED GARLIC PARMESAN",
    "UNIT_SALES": 14.0,
    "REVENUE": 97.85999999999999,
    "AVG_PRICE": 6.989999999999999
  }, {
    "LOCATION_NUM": 148,
    "ITEM_NUM": "36996",
    "CALENDAR_DATE": "2018-01-28T00:00:00Z",
    "DESCRIPTION": "ROASTED GARLIC PARMESAN",
    "UNIT_SALES": 7.0,
    "REVENUE": 48.93000000000001,
    "AVG_PRICE": 6.990000000000001
  }, {
    "LOCATION_NUM": 148,
    "ITEM_NUM": "36996",
    "CALENDAR_DATE": "2018-01-29T00:00:00Z",
    "DESCRIPTION": "ROASTED GARLIC PARMESAN",
    "UNIT_SALES": 5.0,
    "REVENUE": 34.95,
    "AVG_PRICE": 6.99
  }, {
    "LOCATION_NUM": 148,
    "ITEM_NUM": "36996",
    "CALENDAR_DATE": "2018-01-30T00:00:00Z",
    "DESCRIPTION": "ROASTED GARLIC PARMESAN",
    "UNIT_SALES": 4.0,
    "REVENUE": 27.96,
    "AVG_PRICE": 6.99
  }, {
    "LOCATION_NUM": 148,
    "ITEM_NUM": "36996",
    "CALENDAR_DATE": "2018-01-31T00:00:00Z",
    "DESCRIPTION": "ROASTED GARLIC PARMESAN",
    "UNIT_SALES": 6.0,
    "REVENUE": 41.940000000000005,
    "AVG_PRICE": 6.990000000000001
  }, {
    "LOCATION_NUM": 148,
    "ITEM_NUM": "36996",
    "CALENDAR_DATE": "2018-02-01T00:00:00Z",
    "DESCRIPTION": "ROASTED GARLIC PARMESAN",
    "UNIT_SALES": 6.0,
    "REVENUE": 41.940000000000005,
    "AVG_PRICE": 6.990000000000001
  }, {
    "LOCATION_NUM": 148,
    "ITEM_NUM": "36996",
    "CALENDAR_DATE": "2018-02-02T00:00:00Z",
    "DESCRIPTION": "ROASTED GARLIC PARMESAN",
    "UNIT_SALES": 2.0,
    "REVENUE": 13.98,
    "AVG_PRICE": 6.99
  }, {
    "LOCATION_NUM": 148,
    "ITEM_NUM": "36996",
    "CALENDAR_DATE": "2018-02-03T00:00:00Z",
    "DESCRIPTION": "ROASTED GARLIC PARMESAN",
    "UNIT_SALES": 6.0,
    "REVENUE": 41.940000000000005,
    "AVG_PRICE": 6.990000000000001
  }, {
    "LOCATION_NUM": 148,
    "ITEM_NUM": "36996",
    "CALENDAR_DATE": "2018-02-04T00:00:00Z",
    "DESCRIPTION": "ROASTED GARLIC PARMESAN",
    "UNIT_SALES": 4.0,
    "REVENUE": 27.96,
    "AVG_PRICE": 6.99
  }, {
    "LOCATION_NUM": 148,
    "ITEM_NUM": "36996",
    "CALENDAR_DATE": "2018-02-05T00:00:00Z",
    "DESCRIPTION": "ROASTED GARLIC PARMESAN",
    "UNIT_SALES": 2.0,
    "REVENUE": 13.98,
    "AVG_PRICE": 6.99
  }, {
    "LOCATION_NUM": 148,
    "ITEM_NUM": "36996",
    "CALENDAR_DATE": "2018-02-06T00:00:00Z",
    "DESCRIPTION": "ROASTED GARLIC PARMESAN",
    "UNIT_SALES": 5.0,
    "REVENUE": 34.95,
    "AVG_PRICE": 6.99
  }, {
    "LOCATION_NUM": 148,
    "ITEM_NUM": "36996",
    "CALENDAR_DATE": "2018-02-07T00:00:00Z",
    "DESCRIPTION": "ROASTED GARLIC PARMESAN",
    "UNIT_SALES": 6.0,
    "REVENUE": 41.940000000000005,
    "AVG_PRICE": 6.990000000000001
  }, {
    "LOCATION_NUM": 148,
    "ITEM_NUM": "36996",
    "CALENDAR_DATE": "2018-02-08T00:00:00Z",
    "DESCRIPTION": "ROASTED GARLIC PARMESAN",
    "UNIT_SALES": 8.0,
    "REVENUE": 55.92000000000001,
    "AVG_PRICE": 6.990000000000001
  }, {
    "LOCATION_NUM": 148,
    "ITEM_NUM": "36996",
    "CALENDAR_DATE": "2018-02-09T00:00:00Z",
    "DESCRIPTION": "ROASTED GARLIC PARMESAN",
    "UNIT_SALES": 5.0,
    "REVENUE": 34.95,
    "AVG_PRICE": 6.99
  }, {
    "LOCATION_NUM": 148,
    "ITEM_NUM": "36996",
    "CALENDAR_DATE": "2018-02-10T00:00:00Z",
    "DESCRIPTION": "ROASTED GARLIC PARMESAN",
    "UNIT_SALES": 10.0,
    "REVENUE": 69.9,
    "AVG_PRICE": 6.99
  }, {
    "LOCATION_NUM": 148,
    "ITEM_NUM": "36996",
    "CALENDAR_DATE": "2018-02-12T00:00:00Z",
    "DESCRIPTION": "ROASTED GARLIC PARMESAN",
    "UNIT_SALES": 6.0,
    "REVENUE": 41.940000000000005,
    "AVG_PRICE": 6.990000000000001
  }, {
    "LOCATION_NUM": 148,
    "ITEM_NUM": "36996",
    "CALENDAR_DATE": "2018-02-13T00:00:00Z",
    "DESCRIPTION": "ROASTED GARLIC PARMESAN",
    "UNIT_SALES": 7.0,
    "REVENUE": 48.93000000000001,
    "AVG_PRICE": 6.990000000000001
  }, {
    "LOCATION_NUM": 148,
    "ITEM_NUM": "36996",
    "CALENDAR_DATE": "2018-02-14T00:00:00Z",
    "DESCRIPTION": "ROASTED GARLIC PARMESAN",
    "UNIT_SALES": 8.0,
    "REVENUE": 55.92000000000001,
    "AVG_PRICE": 6.990000000000001
  }, {
    "LOCATION_NUM": 148,
    "ITEM_NUM": "36996",
    "CALENDAR_DATE": "2018-02-15T00:00:00Z",
    "DESCRIPTION": "ROASTED GARLIC PARMESAN",
    "UNIT_SALES": 5.0,
    "REVENUE": 34.95,
    "AVG_PRICE": 6.99
  }],
  "@odata.nextLink": "https://odata-v4.cfapps.sap.hana.ondemand.com/java/odata/v4/bakery_sales/sales?$filter=(ITEM_NUM%20eq%20%2736996%27)%20and%20(LOCATION_NUM%20eq%20148)%20and%20(CALENDAR_DATE%20ge%202017-12-01T00:00:00.000Z%20and%20CALENDAR_DATE%20le%202018-02-28T00:00:00.000Z)&=LOCATION_NUM%20eq%20148&$skiptoken=1000"
}
]
