{"value":[{"@odata.type":"#bakery_sales.overview_sales_forecast","@odata.id":"https://odata-v4.cfapps.sap.hana.ondemand.com/java/odata/v4/bakery_sales/overview_sales_forecast()","LOCATION_NUM":148,"SALES_DATE":"2018-01-31","TOTAL_SALE_REVENUE@odata.type":"#Double","TOTAL_SALE_REVENUE":9874.27,"TOTAL_FORECAST_REVENUE@odata.type":"#Double","TOTAL_FORECAST_REVENUE":9738.392587072003},{"@odata.type":"#bakery_sales.overview_sales_forecast","@odata.id":"https://odata-v4.cfapps.sap.hana.ondemand.com/java/odata/v4/bakery_sales/overview_sales_forecast()","LOCATION_NUM":148,"SALES_DATE":"2018-01-19","TOTAL_SALE_REVENUE@odata.type":"#Double","TOTAL_SALE_REVENUE":9613.860000000004,"TOTAL_FORECAST_REVENUE@odata.type":"#Double","TOTAL_FORECAST_REVENUE":9396.270801144005},{"@odata.type":"#bakery_sales.overview_sales_forecast","@odata.id":"https://odata-v4.cfapps.sap.hana.ondemand.com/java/odata/v4/bakery_sales/overview_sales_forecast()","LOCATION_NUM":148,"SALES_DATE":"2018-01-23","TOTAL_SALE_REVENUE@odata.type":"#Double","TOTAL_SALE_REVENUE":8614.440000000004,"TOTAL_FORECAST_REVENUE@odata.type":"#Double","TOTAL_FORECAST_REVENUE":9874.310759187005},{"@odata.type":"#bakery_sales.overview_sales_forecast","@odata.id":"https://odata-v4.cfapps.sap.hana.ondemand.com/java/odata/v4/bakery_sales/overview_sales_forecast()","LOCATION_NUM":148,"SALES_DATE":"2018-01-25","TOTAL_SALE_REVENUE@odata.type":"#Double","TOTAL_SALE_REVENUE":9350.960000000003,"TOTAL_FORECAST_REVENUE@odata.type":"#Double","TOTAL_FORECAST_REVENUE":9736.592636726004},{"@odata.type":"#bakery_sales.overview_sales_forecast","@odata.id":"https://odata-v4.cfapps.sap.hana.ondemand.com/java/odata/v4/bakery_sales/overview_sales_forecast()","LOCATION_NUM":148,"SALES_DATE":"2018-01-29","TOTAL_SALE_REVENUE@odata.type":"#Double","TOTAL_SALE_REVENUE":10131.900000000005,"TOTAL_FORECAST_REVENUE@odata.type":"#Double","TOTAL_FORECAST_REVENUE":10965.434207002585},{"@odata.type":"#bakery_sales.overview_sales_forecast","@odata.id":"https://odata-v4.cfapps.sap.hana.ondemand.com/java/odata/v4/bakery_sales/overview_sales_forecast()","LOCATION_NUM":148,"SALES_DATE":"2018-02-01","TOTAL_SALE_REVENUE@odata.type":"#Double","TOTAL_SALE_REVENUE":10039.330000000004,"TOTAL_FORECAST_REVENUE":null},{"@odata.type":"#bakery_sales.overview_sales_forecast","@odata.id":"https://odata-v4.cfapps.sap.hana.ondemand.com/java/odata/v4/bakery_sales/overview_sales_forecast()","LOCATION_NUM":148,"SALES_DATE":"2018-02-08","TOTAL_SALE_REVENUE@odata.type":"#Double","TOTAL_SALE_REVENUE":9773.080000000005,"TOTAL_FORECAST_REVENUE@odata.type":"#Double","TOTAL_FORECAST_REVENUE":8847.883862548004},{"@odata.type":"#bakery_sales.overview_sales_forecast","@odata.id":"https://odata-v4.cfapps.sap.hana.ondemand.com/java/odata/v4/bakery_sales/overview_sales_forecast()","LOCATION_NUM":148,"SALES_DATE":"2018-01-26","TOTAL_SALE_REVENUE@odata.type":"#Double","TOTAL_SALE_REVENUE":10116.100000000004,"TOTAL_FORECAST_REVENUE@odata.type":"#Double","TOTAL_FORECAST_REVENUE":9911.878136606005},{"@odata.type":"#bakery_sales.overview_sales_forecast","@odata.id":"https://odata-v4.cfapps.sap.hana.ondemand.com/java/odata/v4/bakery_sales/overview_sales_forecast()","LOCATION_NUM":148,"SALES_DATE":"2018-02-11","TOTAL_SALE_REVENUE@odata.type":"#Double","TOTAL_SALE_REVENUE":14072.099999999993,"TOTAL_FORECAST_REVENUE@odata.type":"#Double","TOTAL_FORECAST_REVENUE":10296.757825901994},{"@odata.type":"#bakery_sales.overview_sales_forecast","@odata.id":"https://odata-v4.cfapps.sap.hana.ondemand.com/java/odata/v4/bakery_sales/overview_sales_forecast()","LOCATION_NUM":148,"SALES_DATE":"2018-01-15","TOTAL_SALE_REVENUE@odata.type":"#Double","TOTAL_SALE_REVENUE":11241.509999999998,"TOTAL_FORECAST_REVENUE@odata.type":"#Double","TOTAL_FORECAST_REVENUE":10501.333279834003},{"@odata.type":"#bakery_sales.overview_sales_forecast","@odata.id":"https://odata-v4.cfapps.sap.hana.ondemand.com/java/odata/v4/bakery_sales/overview_sales_forecast()","LOCATION_NUM":148,"SALES_DATE":"2018-01-18","TOTAL_SALE_REVENUE@odata.type":"#Double","TOTAL_SALE_REVENUE":8913.190000000004,"TOTAL_FORECAST_REVENUE@odata.type":"#Double","TOTAL_FORECAST_REVENUE":9176.509548620355},{"@odata.type":"#bakery_sales.overview_sales_forecast","@odata.id":"https://odata-v4.cfapps.sap.hana.ondemand.com/java/odata/v4/bakery_sales/overview_sales_forecast()","LOCATION_NUM":148,"SALES_DATE":"2018-01-21","TOTAL_SALE_REVENUE@odata.type":"#Double","TOTAL_SALE_REVENUE":11940.490000000002,"TOTAL_FORECAST_REVENUE@odata.type":"#Double","TOTAL_FORECAST_REVENUE":10903.264439396},{"@odata.type":"#bakery_sales.overview_sales_forecast","@odata.id":"https://odata-v4.cfapps.sap.hana.ondemand.com/java/odata/v4/bakery_sales/overview_sales_forecast()","LOCATION_NUM":148,"SALES_DATE":"2018-01-22","TOTAL_SALE_REVENUE@odata.type":"#Double","TOTAL_SALE_REVENUE":9282.960000000001,"TOTAL_FORECAST_REVENUE@odata.type":"#Double","TOTAL_FORECAST_REVENUE":11103.692544041001},{"@odata.type":"#bakery_sales.overview_sales_forecast","@odata.id":"https://odata-v4.cfapps.sap.hana.ondemand.com/java/odata/v4/bakery_sales/overview_sales_forecast()","LOCATION_NUM":148,"SALES_DATE":"2018-02-05","TOTAL_SALE_REVENUE@odata.type":"#Double","TOTAL_SALE_REVENUE":10617.030000000002,"TOTAL_FORECAST_REVENUE":null},{"@odata.type":"#bakery_sales.overview_sales_forecast","@odata.id":"https://odata-v4.cfapps.sap.hana.ondemand.com/java/odata/v4/bakery_sales/overview_sales_forecast()","LOCATION_NUM":148,"SALES_DATE":"2018-02-06","TOTAL_SALE_REVENUE@odata.type":"#Double","TOTAL_SALE_REVENUE":9323.800000000008,"TOTAL_FORECAST_REVENUE@odata.type":"#Double","TOTAL_FORECAST_REVENUE":5758.563220112004},{"@odata.type":"#bakery_sales.overview_sales_forecast","@odata.id":"https://odata-v4.cfapps.sap.hana.ondemand.com/java/odata/v4/bakery_sales/overview_sales_forecast()","LOCATION_NUM":148,"SALES_DATE":"2018-02-10","TOTAL_SALE_REVENUE@odata.type":"#Double","TOTAL_SALE_REVENUE":13067.320000000005,"TOTAL_FORECAST_REVENUE@odata.type":"#Double","TOTAL_FORECAST_REVENUE":11227.700496702006},{"@odata.type":"#bakery_sales.overview_sales_forecast","@odata.id":"https://odata-v4.cfapps.sap.hana.ondemand.com/java/odata/v4/bakery_sales/overview_sales_forecast()","LOCATION_NUM":148,"SALES_DATE":"2018-02-12","TOTAL_SALE_REVENUE@odata.type":"#Double","TOTAL_SALE_REVENUE":12559.670000000002,"TOTAL_FORECAST_REVENUE@odata.type":"#Double","TOTAL_FORECAST_REVENUE":11288.917763090001},{"@odata.type":"#bakery_sales.overview_sales_forecast","@odata.id":"https://odata-v4.cfapps.sap.hana.ondemand.com/java/odata/v4/bakery_sales/overview_sales_forecast()","LOCATION_NUM":148,"SALES_DATE":"2018-02-13","TOTAL_SALE_REVENUE@odata.type":"#Double","TOTAL_SALE_REVENUE":11747.160000000007,"TOTAL_FORECAST_REVENUE@odata.type":"#Double","TOTAL_FORECAST_REVENUE":10750.013200043004},{"@odata.type":"#bakery_sales.overview_sales_forecast","@odata.id":"https://odata-v4.cfapps.sap.hana.ondemand.com/java/odata/v4/bakery_sales/overview_sales_forecast()","LOCATION_NUM":148,"SALES_DATE":"2018-02-14","TOTAL_SALE_REVENUE@odata.type":"#Double","TOTAL_SALE_REVENUE":13333.969999999998,"TOTAL_FORECAST_REVENUE@odata.type":"#Double","TOTAL_FORECAST_REVENUE":10626.616486257004},{"@odata.type":"#bakery_sales.overview_sales_forecast","@odata.id":"https://odata-v4.cfapps.sap.hana.ondemand.com/java/odata/v4/bakery_sales/overview_sales_forecast()","LOCATION_NUM":148,"SALES_DATE":"2018-01-27","TOTAL_SALE_REVENUE@odata.type":"#Double","TOTAL_SALE_REVENUE":13021.460000000008,"TOTAL_FORECAST_REVENUE@odata.type":"#Double","TOTAL_FORECAST_REVENUE":9468.277533024004},{"@odata.type":"#bakery_sales.overview_sales_forecast","@odata.id":"https://odata-v4.cfapps.sap.hana.ondemand.com/java/odata/v4/bakery_sales/overview_sales_forecast()","LOCATION_NUM":148,"SALES_DATE":"2018-01-28","TOTAL_SALE_REVENUE@odata.type":"#Double","TOTAL_SALE_REVENUE":11924.199999999992,"TOTAL_FORECAST_REVENUE@odata.type":"#Double","TOTAL_FORECAST_REVENUE":11363.977380342994},{"@odata.type":"#bakery_sales.overview_sales_forecast","@odata.id":"https://odata-v4.cfapps.sap.hana.ondemand.com/java/odata/v4/bakery_sales/overview_sales_forecast()","LOCATION_NUM":148,"SALES_DATE":"2018-02-04","TOTAL_SALE_REVENUE@odata.type":"#Double","TOTAL_SALE_REVENUE":16212.830000000005,"TOTAL_FORECAST_REVENUE":null},{"@odata.type":"#bakery_sales.overview_sales_forecast","@odata.id":"https://odata-v4.cfapps.sap.hana.ondemand.com/java/odata/v4/bakery_sales/overview_sales_forecast()","LOCATION_NUM":148,"SALES_DATE":"2018-01-20","TOTAL_SALE_REVENUE@odata.type":"#Double","TOTAL_SALE_REVENUE":12035.680000000004,"TOTAL_FORECAST_REVENUE@odata.type":"#Double","TOTAL_FORECAST_REVENUE":9847.292694935002},{"@odata.type":"#bakery_sales.overview_sales_forecast","@odata.id":"https://odata-v4.cfapps.sap.hana.ondemand.com/java/odata/v4/bakery_sales/overview_sales_forecast()","LOCATION_NUM":148,"SALES_DATE":"2018-02-15","TOTAL_SALE_REVENUE@odata.type":"#Double","TOTAL_SALE_REVENUE":8087.770000000001,"TOTAL_FORECAST_REVENUE@odata.type":"#Double","TOTAL_FORECAST_REVENUE":11514.339681964004},{"@odata.type":"#bakery_sales.overview_sales_forecast","@odata.id":"https://odata-v4.cfapps.sap.hana.ondemand.com/java/odata/v4/bakery_sales/overview_sales_forecast()","LOCATION_NUM":148,"SALES_DATE":"2018-01-17","TOTAL_SALE_REVENUE@odata.type":"#Double","TOTAL_SALE_REVENUE":9486.090000000004,"TOTAL_FORECAST_REVENUE@odata.type":"#Double","TOTAL_FORECAST_REVENUE":10006.357143667004},{"@odata.type":"#bakery_sales.overview_sales_forecast","@odata.id":"https://odata-v4.cfapps.sap.hana.ondemand.com/java/odata/v4/bakery_sales/overview_sales_forecast()","LOCATION_NUM":148,"SALES_DATE":"2018-01-16","TOTAL_SALE_REVENUE@odata.type":"#Double","TOTAL_SALE_REVENUE":10076.270000000004,"TOTAL_FORECAST_REVENUE@odata.type":"#Double","TOTAL_FORECAST_REVENUE":11087.544963573006},{"@odata.type":"#bakery_sales.overview_sales_forecast","@odata.id":"https://odata-v4.cfapps.sap.hana.ondemand.com/java/odata/v4/bakery_sales/overview_sales_forecast()","LOCATION_NUM":148,"SALES_DATE":"2018-02-02","TOTAL_SALE_REVENUE@odata.type":"#Double","TOTAL_SALE_REVENUE":10810.710000000005,"TOTAL_FORECAST_REVENUE":null},{"@odata.type":"#bakery_sales.overview_sales_forecast","@odata.id":"https://odata-v4.cfapps.sap.hana.ondemand.com/java/odata/v4/bakery_sales/overview_sales_forecast()","LOCATION_NUM":148,"SALES_DATE":"2018-02-07","TOTAL_SALE_REVENUE@odata.type":"#Double","TOTAL_SALE_REVENUE":5649.310000000002,"TOTAL_FORECAST_REVENUE@odata.type":"#Double","TOTAL_FORECAST_REVENUE":5917.896779352004},{"@odata.type":"#bakery_sales.overview_sales_forecast","@odata.id":"https://odata-v4.cfapps.sap.hana.ondemand.com/java/odata/v4/bakery_sales/overview_sales_forecast()","LOCATION_NUM":148,"SALES_DATE":"2018-02-09","TOTAL_SALE_REVENUE@odata.type":"#Double","TOTAL_SALE_REVENUE":12762.460000000006,"TOTAL_FORECAST_REVENUE@odata.type":"#Double","TOTAL_FORECAST_REVENUE":9737.295909779004},{"@odata.type":"#bakery_sales.overview_sales_forecast","@odata.id":"https://odata-v4.cfapps.sap.hana.ondemand.com/java/odata/v4/bakery_sales/overview_sales_forecast()","LOCATION_NUM":148,"SALES_DATE":"2018-01-24","TOTAL_SALE_REVENUE@odata.type":"#Double","TOTAL_SALE_REVENUE":5037.750000000004,"TOTAL_FORECAST_REVENUE@odata.type":"#Double","TOTAL_FORECAST_REVENUE":5773.074175388249},{"@odata.type":"#bakery_sales.overview_sales_forecast","@odata.id":"https://odata-v4.cfapps.sap.hana.ondemand.com/java/odata/v4/bakery_sales/overview_sales_forecast()","LOCATION_NUM":148,"SALES_DATE":"2018-02-03","TOTAL_SALE_REVENUE@odata.type":"#Double","TOTAL_SALE_REVENUE":7998.950000000005,"TOTAL_FORECAST_REVENUE":null},{"@odata.type":"#bakery_sales.overview_sales_forecast","@odata.id":"https://odata-v4.cfapps.sap.hana.ondemand.com/java/odata/v4/bakery_sales/overview_sales_forecast()","LOCATION_NUM":148,"SALES_DATE":"2018-01-30","TOTAL_SALE_REVENUE@odata.type":"#Double","TOTAL_SALE_REVENUE":4925.640000000004,"TOTAL_FORECAST_REVENUE@odata.type":"#Double","TOTAL_FORECAST_REVENUE":6077.8301800860045}]}