{"value":[{"@odata.type":"#bakery_sales.prediction_metrics","@odata.id":"https://odata-v4.cfapps.sap.hana.ondemand.com/java/odata/v4/bakery_sales/prediction_metrics()","CALENDAR_DATE":"2018-01-09T08:00:00Z","Total@odata.type":"#Double","Total":916.0},{"@odata.type":"#bakery_sales.prediction_metrics","@odata.id":"https://odata-v4.cfapps.sap.hana.ondemand.com/java/odata/v4/bakery_sales/prediction_metrics()","CALENDAR_DATE":"2018-01-10T08:00:00Z","Total@odata.type":"#Double","Total":1159.0},{"@odata.type":"#bakery_sales.prediction_metrics","@odata.id":"https://odata-v4.cfapps.sap.hana.ondemand.com/java/odata/v4/bakery_sales/prediction_metrics()","CALENDAR_DATE":"2018-01-11T08:00:00Z","Total@odata.type":"#Double","Total":935.0},{"@odata.type":"#bakery_sales.prediction_metrics","@odata.id":"https://odata-v4.cfapps.sap.hana.ondemand.com/java/odata/v4/bakery_sales/prediction_metrics()","CALENDAR_DATE":"2018-01-12T08:00:00Z","Total@odata.type":"#Double","Total":882.0},{"@odata.type":"#bakery_sales.prediction_metrics","@odata.id":"https://odata-v4.cfapps.sap.hana.ondemand.com/java/odata/v4/bakery_sales/prediction_metrics()","CALENDAR_DATE":"2018-01-14T08:00:00Z","Total@odata.type":"#Double","Total":1277.0},{"@odata.type":"#bakery_sales.prediction_metrics","@odata.id":"https://odata-v4.cfapps.sap.hana.ondemand.com/java/odata/v4/bakery_sales/prediction_metrics()","CALENDAR_DATE":"2018-01-15T08:00:00Z","Total@odata.type":"#Double","Total":1154.0},{"@odata.type":"#bakery_sales.prediction_metrics","@odata.id":"https://odata-v4.cfapps.sap.hana.ondemand.com/java/odata/v4/bakery_sales/prediction_metrics()","CALENDAR_DATE":"2018-01-16T08:00:00Z","Total@odata.type":"#Double","Total":966.0},{"@odata.type":"#bakery_sales.prediction_metrics","@odata.id":"https://odata-v4.cfapps.sap.hana.ondemand.com/java/odata/v4/bakery_sales/prediction_metrics()","CALENDAR_DATE":"2018-01-17T08:00:00Z","Total@odata.type":"#Double","Total":904.0},{"@odata.type":"#bakery_sales.prediction_metrics","@odata.id":"https://odata-v4.cfapps.sap.hana.ondemand.com/java/odata/v4/bakery_sales/prediction_metrics()","CALENDAR_DATE":"2018-01-18T08:00:00Z","Total@odata.type":"#Double","Total":847.0},{"@odata.type":"#bakery_sales.prediction_metrics","@odata.id":"https://odata-v4.cfapps.sap.hana.ondemand.com/java/odata/v4/bakery_sales/prediction_metrics()","CALENDAR_DATE":"2018-01-19T08:00:00Z","Total@odata.type":"#Double","Total":1024.0},{"@odata.type":"#bakery_sales.prediction_metrics","@odata.id":"https://odata-v4.cfapps.sap.hana.ondemand.com/java/odata/v4/bakery_sales/prediction_metrics()","CALENDAR_DATE":"2018-01-20T08:00:00Z","Total@odata.type":"#Double","Total":1256.0},{"@odata.type":"#bakery_sales.prediction_metrics","@odata.id":"https://odata-v4.cfapps.sap.hana.ondemand.com/java/odata/v4/bakery_sales/prediction_metrics()","CALENDAR_DATE":"2018-01-21T08:00:00Z","Total@odata.type":"#Double","Total":1324.0},{"@odata.type":"#bakery_sales.prediction_metrics","@odata.id":"https://odata-v4.cfapps.sap.hana.ondemand.com/java/odata/v4/bakery_sales/prediction_metrics()","CALENDAR_DATE":"2018-01-22T08:00:00Z","Total@odata.type":"#Double","Total":1001.0},{"@odata.type":"#bakery_sales.prediction_metrics","@odata.id":"https://odata-v4.cfapps.sap.hana.ondemand.com/java/odata/v4/bakery_sales/prediction_metrics()","CALENDAR_DATE":"2018-01-23T08:00:00Z","Total@odata.type":"#Double","Total":879.0},{"@odata.type":"#bakery_sales.prediction_metrics","@odata.id":"https://odata-v4.cfapps.sap.hana.ondemand.com/java/odata/v4/bakery_sales/prediction_metrics()","CALENDAR_DATE":"2018-01-25T08:00:00Z","Total@odata.type":"#Double","Total":934.0},{"@odata.type":"#bakery_sales.prediction_metrics","@odata.id":"https://odata-v4.cfapps.sap.hana.ondemand.com/java/odata/v4/bakery_sales/prediction_metrics()","CALENDAR_DATE":"2018-01-26T08:00:00Z","Total@odata.type":"#Double","Total":892.0},{"@odata.type":"#bakery_sales.prediction_metrics","@odata.id":"https://odata-v4.cfapps.sap.hana.ondemand.com/java/odata/v4/bakery_sales/prediction_metrics()","CALENDAR_DATE":"2018-01-27T08:00:00Z","Total@odata.type":"#Double","Total":1143.0},{"@odata.type":"#bakery_sales.prediction_metrics","@odata.id":"https://odata-v4.cfapps.sap.hana.ondemand.com/java/odata/v4/bakery_sales/prediction_metrics()","CALENDAR_DATE":"2018-01-28T08:00:00Z","Total@odata.type":"#Double","Total":1163.0},{"@odata.type":"#bakery_sales.prediction_metrics","@odata.id":"https://odata-v4.cfapps.sap.hana.ondemand.com/java/odata/v4/bakery_sales/prediction_metrics()","CALENDAR_DATE":"2018-01-29T08:00:00Z","Total@odata.type":"#Double","Total":961.0},{"@odata.type":"#bakery_sales.prediction_metrics","@odata.id":"https://odata-v4.cfapps.sap.hana.ondemand.com/java/odata/v4/bakery_sales/prediction_metrics()","CALENDAR_DATE":"2018-01-31T08:00:00Z","Total@odata.type":"#Double","Total":735.0},{"@odata.type":"#bakery_sales.prediction_metrics","@odata.id":"https://odata-v4.cfapps.sap.hana.ondemand.com/java/odata/v4/bakery_sales/prediction_metrics()","CALENDAR_DATE":"2018-01-08T08:00:00Z","Total@odata.type":"#Double","Total":1008.0},{"@odata.type":"#bakery_sales.prediction_metrics","@odata.id":"https://odata-v4.cfapps.sap.hana.ondemand.com/java/odata/v4/bakery_sales/prediction_metrics()","CALENDAR_DATE":"2018-02-08T08:00:00Z","Total@odata.type":"#Double","Total":985.0},{"@odata.type":"#bakery_sales.prediction_metrics","@odata.id":"https://odata-v4.cfapps.sap.hana.ondemand.com/java/odata/v4/bakery_sales/prediction_metrics()","CALENDAR_DATE":"2018-02-09T08:00:00Z","Total@odata.type":"#Double","Total":1081.0},{"@odata.type":"#bakery_sales.prediction_metrics","@odata.id":"https://odata-v4.cfapps.sap.hana.ondemand.com/java/odata/v4/bakery_sales/prediction_metrics()","CALENDAR_DATE":"2018-02-10T08:00:00Z","Total@odata.type":"#Double","Total":1129.0},{"@odata.type":"#bakery_sales.prediction_metrics","@odata.id":"https://odata-v4.cfapps.sap.hana.ondemand.com/java/odata/v4/bakery_sales/prediction_metrics()","CALENDAR_DATE":"2018-02-11T08:00:00Z","Total@odata.type":"#Double","Total":1250.0},{"@odata.type":"#bakery_sales.prediction_metrics","@odata.id":"https://odata-v4.cfapps.sap.hana.ondemand.com/java/odata/v4/bakery_sales/prediction_metrics()","CALENDAR_DATE":"2018-02-12T08:00:00Z","Total@odata.type":"#Double","Total":1131.0},{"@odata.type":"#bakery_sales.prediction_metrics","@odata.id":"https://odata-v4.cfapps.sap.hana.ondemand.com/java/odata/v4/bakery_sales/prediction_metrics()","CALENDAR_DATE":"2018-02-13T08:00:00Z","Total@odata.type":"#Double","Total":1057.0},{"@odata.type":"#bakery_sales.prediction_metrics","@odata.id":"https://odata-v4.cfapps.sap.hana.ondemand.com/java/odata/v4/bakery_sales/prediction_metrics()","CALENDAR_DATE":"2018-02-15T08:00:00Z","Total@odata.type":"#Double","Total":785.0},{"@odata.type":"#bakery_sales.prediction_metrics","@odata.id":"https://odata-v4.cfapps.sap.hana.ondemand.com/java/odata/v4/bakery_sales/prediction_metrics()","CALENDAR_DATE":"2018-02-14T08:00:00Z","Total@odata.type":"#Double","Total":1003.0},{"@odata.type":"#bakery_sales.prediction_metrics","@odata.id":"https://odata-v4.cfapps.sap.hana.ondemand.com/java/odata/v4/bakery_sales/prediction_metrics()","CALENDAR_DATE":"2018-01-07T08:00:00Z","Total@odata.type":"#Double","Total":1051.0},{"@odata.type":"#bakery_sales.prediction_metrics","@odata.id":"https://odata-v4.cfapps.sap.hana.ondemand.com/java/odata/v4/bakery_sales/prediction_metrics()","CALENDAR_DATE":"2018-01-24T08:00:00Z","Total@odata.type":"#Double","Total":706.0},{"@odata.type":"#bakery_sales.prediction_metrics","@odata.id":"https://odata-v4.cfapps.sap.hana.ondemand.com/java/odata/v4/bakery_sales/prediction_metrics()","CALENDAR_DATE":"2018-01-30T08:00:00Z","Total@odata.type":"#Double","Total":675.0},{"@odata.type":"#bakery_sales.prediction_metrics","@odata.id":"https://odata-v4.cfapps.sap.hana.ondemand.com/java/odata/v4/bakery_sales/prediction_metrics()","CALENDAR_DATE":"2018-02-06T08:00:00Z","Total@odata.type":"#Double","Total":775.0},{"@odata.type":"#bakery_sales.prediction_metrics","@odata.id":"https://odata-v4.cfapps.sap.hana.ondemand.com/java/odata/v4/bakery_sales/prediction_metrics()","CALENDAR_DATE":"2018-02-07T08:00:00Z","Total@odata.type":"#Double","Total":805.0}]}